runId,cohort,projectId,scenarioId,packageName,sourceFile,component,expectedPositive,expectedTier,predictedPositive,predictedTier,outcome,tierMatch,expectedSinkRuleId,predictedSinkRuleId,sinkRuleMatch,expectedReasonCode,predictedReasonCode,reasonCodeMatch,exactSecondaryMatch,findingCount,positiveFindingCount,baselinePredictedPositive,baselineOutcome
20260824T202157298Z-2aa39a3a,characterization,effectiveness-core,direct-inner-html,marked,src/DirectInnerHtml.jsx,DirectInnerHtml,true,CRITICAL,true,CRITICAL,TP,true,inner-html,inner-html,true,DIRECT_SINK_FLOW,DIRECT_SINK_FLOW,true,true,1,1,true,TP
20260824T202157298Z-2aa39a3a,characterization,effectiveness-core,local-variable-propagation,marked,src/LocalPropagation.jsx,LocalPropagation,true,HIGH,true,HIGH,TP,true,inner-html,inner-html,true,PROPAGATED_SINK_FLOW,PROPAGATED_SINK_FLOW,true,true,1,1,true,TP
20260824T202157298Z-2aa39a3a,characterization,effectiveness-core,inter-component-propagation,marked,src/InterComponentPropagation.jsx,InterComponentPropagation,true,HIGH,true,HIGH,TP,true,inner-html,inner-html,true,INTER_COMPONENT_SINK_FLOW,INTER_COMPONENT_SINK_FLOW,true,true,2,1,true,TP
20260824T202157298Z-2aa39a3a,characterization,effectiveness-core,require-direct-eval,marked,src/RequireDirectEval.jsx,RequireDirectEval,true,CRITICAL,true,CRITICAL,TP,true,eval,eval,true,DIRECT_SINK_FLOW,DIRECT_SINK_FLOW,true,true,1,1,true,TP
20260824T202157298Z-2aa39a3a,characterization,effectiveness-core,unused-static-import,marked,src/UnusedImport.jsx,,false,NONE,false,NONE,TN,true,,,,UNUSED_IMPORT,UNUSED_IMPORT,true,true,1,0,true,FP
20260824T202157298Z-2aa39a3a,characterization,effectiveness-core,component-without-sink,marked,src/ComponentWithoutSink.jsx,ComponentWithoutSink,false,MEDIUM,false,MEDIUM,TN,true,,,,COMPONENT_WITHOUT_SINK,COMPONENT_WITHOUT_SINK,true,true,1,0,true,FP
20260824T202157298Z-2aa39a3a,characterization,effectiveness-core,unrelated-sink,marked,src/UnrelatedSink.jsx,UnrelatedSink,false,MEDIUM,false,MEDIUM,TN,true,,,,NO_PROVEN_SINK_PATH,NO_PROVEN_SINK_PATH,true,true,1,0,true,FP
20260824T202157298Z-2aa39a3a,characterization,effectiveness-core,dynamic-import-no-binding,marked,src/DynamicImportNoBinding.jsx,,false,LOW,false,LOW,TN,true,,,,NO_BINDING,NO_BINDING,true,true,1,0,true,FP
20260824T202157298Z-2aa39a3a,characterization,effectiveness-core,use-state-initial-propagation,marked,src/UseStateInitial.jsx,UseStateInitial,true,HIGH,true,HIGH,TP,true,inner-html,inner-html,true,PROPAGATED_SINK_FLOW,PROPAGATED_SINK_FLOW,true,true,1,1,true,TP
20260824T202157298Z-2aa39a3a,characterization,effectiveness-core,use-state-setter-propagation,marked,src/UseStateSetter.jsx,UseStateSetter,true,HIGH,true,HIGH,TP,true,inner-html,inner-html,true,PROPAGATED_SINK_FLOW,PROPAGATED_SINK_FLOW,true,true,1,1,true,TP
20260824T202157298Z-2aa39a3a,characterization,effectiveness-core,use-memo-propagation,marked,src/UseMemoPropagation.jsx,UseMemoPropagation,true,HIGH,true,HIGH,TP,true,inner-html,inner-html,true,PROPAGATED_SINK_FLOW,PROPAGATED_SINK_FLOW,true,true,1,1,true,TP
20260824T202157298Z-2aa39a3a,characterization,effectiveness-core,cross-file-inter-component-propagation,marked,src/cross-file-positive/CrossFileParent.jsx,CrossFileParent,true,HIGH,true,HIGH,TP,true,inner-html,inner-html,true,INTER_COMPONENT_SINK_FLOW,INTER_COMPONENT_SINK_FLOW,true,true,2,1,true,TP
20260824T202157298Z-2aa39a3a,characterization,effectiveness-core,direct-jsx-url,marked,src/DirectJsxUrl.jsx,DirectJsxUrl,true,CRITICAL,true,CRITICAL,TP,true,jsx-url,jsx-url,true,DIRECT_SINK_FLOW,DIRECT_SINK_FLOW,true,true,1,1,true,TP
20260824T202157298Z-2aa39a3a,characterization,effectiveness-core,direct-dom-ref-html,marked,src/DirectDomRef.jsx,DirectDomRef,true,CRITICAL,true,CRITICAL,TP,true,dom-html,dom-html,true,DIRECT_SINK_FLOW,DIRECT_SINK_FLOW,true,true,1,1,true,TP
20260824T202157298Z-2aa39a3a,characterization,effectiveness-core,scope-shadowing-blocks-flow,marked,src/ScopeShadowing.jsx,ScopeShadowing,false,MEDIUM,false,MEDIUM,TN,true,,,,NO_PROVEN_SINK_PATH,NO_PROVEN_SINK_PATH,true,true,1,0,true,FP
20260824T202157298Z-2aa39a3a,characterization,effectiveness-core,unrelated-location-sink,marked,src/UnrelatedLocationSink.jsx,UnrelatedLocationSink,false,MEDIUM,false,MEDIUM,TN,true,,,,NO_PROVEN_SINK_PATH,NO_PROVEN_SINK_PATH,true,true,1,0,true,FP
20260824T202157298Z-2aa39a3a,characterization,effectiveness-core,side-effect-require-no-binding,marked,src/SideEffectRequire.jsx,,false,LOW,false,LOW,TN,true,,,,NO_BINDING,NO_BINDING,true,true,1,0,true,FP
20260824T202157298Z-2aa39a3a,characterization,effectiveness-core,unrelated-jsx-url-sink,marked,src/UnrelatedJsxUrl.jsx,UnrelatedJsxUrl,false,MEDIUM,false,MEDIUM,TN,true,,,,NO_PROVEN_SINK_PATH,NO_PROVEN_SINK_PATH,true,true,1,0,true,FP
20260824T202157298Z-2aa39a3a,characterization,effectiveness-core,cross-file-safe-import-resolution,marked,src/cross-file-safe/SafeParent.jsx,SafeParent,false,MEDIUM,false,MEDIUM,TN,true,,,,COMPONENT_WITHOUT_SINK,COMPONENT_WITHOUT_SINK,true,true,1,0,true,FP
20260824T202157298Z-2aa39a3a,characterization,effectiveness-core,class-component-without-sink,marked,src/ClassWithoutSink.jsx,ClassWithoutSink,false,MEDIUM,false,MEDIUM,TN,true,,,,COMPONENT_WITHOUT_SINK,COMPONENT_WITHOUT_SINK,true,true,1,0,true,FP
20260824T202157298Z-2aa39a3a,characterization,effectiveness-core,use-reducer-initial-propagation,marked,src/UseReducerInitial.jsx,UseReducerInitial,true,HIGH,true,HIGH,TP,true,inner-html,inner-html,true,PROPAGATED_SINK_FLOW,PROPAGATED_SINK_FLOW,true,true,1,1,true,TP
20260824T202157298Z-2aa39a3a,characterization,effectiveness-core,use-callback-propagation,marked,src/UseCallbackPropagation.jsx,UseCallbackPropagation,true,HIGH,true,HIGH,TP,true,inner-html,inner-html,true,PROPAGATED_SINK_FLOW,PROPAGATED_SINK_FLOW,true,true,1,1,true,TP
20260824T202157298Z-2aa39a3a,characterization,effectiveness-core,direct-new-function,marked,src/DirectNewFunction.jsx,DirectNewFunction,true,CRITICAL,true,CRITICAL,TP,true,new-function,new-function,true,DIRECT_SINK_FLOW,DIRECT_SINK_FLOW,true,true,1,1,true,TP
20260824T202157298Z-2aa39a3a,characterization,effectiveness-core,insert-adjacent-html-propagation,marked,src/InsertAdjacentHtmlPropagation.jsx,InsertAdjacentHtmlPropagation,true,HIGH,true,HIGH,TP,true,insert-adjacent-html,insert-adjacent-html,true,PROPAGATED_SINK_FLOW,PROPAGATED_SINK_FLOW,true,true,1,1,true,TP
20260824T202157298Z-2aa39a3a,characterization,effectiveness-core,multi-hop-component-propagation,marked,src/MultiHopPropagation.jsx,MultiHopPropagation,true,HIGH,true,HIGH,TP,true,inner-html,inner-html,true,INTER_COMPONENT_SINK_FLOW,INTER_COMPONENT_SINK_FLOW,true,true,2,1,true,TP
20260824T202157298Z-2aa39a3a,characterization,effectiveness-core,unrelated-use-reducer-sink,marked,src/UnrelatedUseReducer.jsx,UnrelatedUseReducer,false,MEDIUM,false,MEDIUM,TN,true,,,,NO_PROVEN_SINK_PATH,NO_PROVEN_SINK_PATH,true,true,1,0,true,FP
20260824T202157298Z-2aa39a3a,characterization,effectiveness-core,shadowed-eval-is-not-global-sink,marked,src/ShadowedEvalSink.jsx,ShadowedEvalSink,false,MEDIUM,false,MEDIUM,TN,true,,,,COMPONENT_WITHOUT_SINK,COMPONENT_WITHOUT_SINK,true,true,1,0,true,FP
20260824T202157298Z-2aa39a3a,characterization,effectiveness-core,unrelated-insert-adjacent-html,marked,src/UnrelatedInsertAdjacentHtml.jsx,UnrelatedInsertAdjacentHtml,false,MEDIUM,false,MEDIUM,TN,true,,,,NO_PROVEN_SINK_PATH,NO_PROVEN_SINK_PATH,true,true,1,0,true,FP
20260824T202157298Z-2aa39a3a,characterization,effectiveness-core,require-destructured-without-sink,marked,src/RequireDestructuredWithoutSink.jsx,RequireDestructuredWithoutSink,false,MEDIUM,false,MEDIUM,TN,true,,,,COMPONENT_WITHOUT_SINK,COMPONENT_WITHOUT_SINK,true,true,1,0,true,FP
20260824T202157298Z-2aa39a3a,characterization,effectiveness-core,multi-hop-safe-terminal,marked,src/MultiHopSafeTerminal.jsx,MultiHopSafeTerminal,false,MEDIUM,false,MEDIUM,TN,true,,,,COMPONENT_WITHOUT_SINK,COMPONENT_WITHOUT_SINK,true,true,1,0,true,FP
20260824T202157298Z-2aa39a3a,holdout,adversarial-holdout,holdout-custom-hook-flow,marked,src/CustomHookFlow.jsx,CustomHookFlow,true,HIGH,false,,FN,false,inner-html,,false,PROPAGATED_SINK_FLOW,,false,false,0,0,true,TP
20260824T202157298Z-2aa39a3a,holdout,adversarial-holdout,holdout-cross-file-helper-flow,marked,src/helper/renderMarkdown.js,HelperFunctionFlow,true,HIGH,false,,FN,false,inner-html,,false,PROPAGATED_SINK_FLOW,,false,false,0,0,true,TP
20260824T202157298Z-2aa39a3a,holdout,adversarial-holdout,holdout-react-context-flow,marked,src/ContextFlow.jsx,ContextProvider,true,HIGH,false,MEDIUM,FN,false,inner-html,,false,INTER_COMPONENT_SINK_FLOW,COMPONENT_WITHOUT_SINK,false,false,1,0,true,TP
20260824T202157298Z-2aa39a3a,holdout,adversarial-holdout,holdout-member-mutation-flow,marked,src/MemberMutationFlow.jsx,MemberMutationFlow,true,HIGH,false,MEDIUM,FN,false,inner-html,,false,PROPAGATED_SINK_FLOW,NO_PROVEN_SINK_PATH,false,false,1,0,true,TP
20260824T202157298Z-2aa39a3a,holdout,adversarial-holdout,holdout-array-mutation-flow,marked,src/ArrayMutationFlow.jsx,ArrayMutationFlow,true,HIGH,false,MEDIUM,FN,false,inner-html,,false,PROPAGATED_SINK_FLOW,NO_PROVEN_SINK_PATH,false,false,1,0,true,TP
20260824T202157298Z-2aa39a3a,holdout,adversarial-holdout,holdout-async-state-setter-flow,marked,src/AsyncSetterFlow.jsx,AsyncSetterFlow,true,HIGH,true,HIGH,TP,true,inner-html,inner-html,true,PROPAGATED_SINK_FLOW,PROPAGATED_SINK_FLOW,true,true,1,1,true,TP
20260824T202157298Z-2aa39a3a,holdout,adversarial-holdout,holdout-overwritten-binding,marked,src/OverwrittenBinding.jsx,OverwrittenBinding,false,MEDIUM,true,HIGH,FP,false,,inner-html,,NO_PROVEN_SINK_PATH,PROPAGATED_SINK_FLOW,false,false,1,1,true,FP
20260824T202157298Z-2aa39a3a,holdout,adversarial-holdout,holdout-generic-props-unrelated,marked,src/GenericPropsUnrelated.jsx,GenericPropsParent,false,MEDIUM,true,HIGH,FP,false,,inner-html,,NO_PROVEN_SINK_PATH,INTER_COMPONENT_SINK_FLOW,false,false,2,1,true,FP
20260824T202157298Z-2aa39a3a,holdout,adversarial-holdout,holdout-rest-props-unrelated,marked,src/RestPropsUnrelated.jsx,RestPropsParent,false,MEDIUM,true,HIGH,FP,false,,inner-html,,NO_PROVEN_SINK_PATH,INTER_COMPONENT_SINK_FLOW,false,false,2,1,true,FP
20260824T202157298Z-2aa39a3a,holdout,adversarial-holdout,holdout-object-property-separation,marked,src/ObjectPropertySeparation.jsx,ObjectPropertySeparation,false,MEDIUM,true,HIGH,FP,false,,inner-html,,NO_PROVEN_SINK_PATH,PROPAGATED_SINK_FLOW,false,false,1,1,true,FP
20260824T202157298Z-2aa39a3a,holdout,adversarial-holdout,holdout-destructured-property-separation,marked,src/DestructuredPropertySeparation.jsx,DestructuredPropertySeparation,false,MEDIUM,true,HIGH,FP,false,,inner-html,,NO_PROVEN_SINK_PATH,PROPAGATED_SINK_FLOW,false,false,1,1,true,FP
20260824T202157298Z-2aa39a3a,holdout,adversarial-holdout,holdout-array-index-separation,marked,src/ArrayIndexSeparation.jsx,ArrayIndexSeparation,false,MEDIUM,true,HIGH,FP,false,,inner-html,,NO_PROVEN_SINK_PATH,PROPAGATED_SINK_FLOW,false,false,1,1,true,FP
20260824T202157298Z-2aa39a3a,robustness,robustness-multipackage,robustness-dompurify-direct-inner-html,dompurify,src/scenarios/dompurify-direct-inner-html/DompurifyDirectInnerHtml.jsx,DompurifyDirectInnerHtml,true,CRITICAL,true,CRITICAL,TP,true,inner-html,inner-html,true,DIRECT_SINK_FLOW,DIRECT_SINK_FLOW,true,true,1,1,true,TP
20260824T202157298Z-2aa39a3a,robustness,robustness-multipackage,robustness-dompurify-local-dom-html,dompurify,src/scenarios/dompurify-local-dom-html/sanitizer.js,DompurifyLocalDomHtml,true,HIGH,false,,FN,false,dom-html,,false,PROPAGATED_SINK_FLOW,,false,false,0,0,true,TP
20260824T202157298Z-2aa39a3a,robustness,robustness-multipackage,robustness-dompurify-inter-component,dompurify,src/scenarios/dompurify-article-flow/services/sanitizer.js,ArticlePage,true,HIGH,false,,FN,false,inner-html,,false,INTER_COMPONENT_SINK_FLOW,,false,false,0,0,true,TP
20260824T202157298Z-2aa39a3a,robustness,robustness-multipackage,robustness-dompurify-unused-import,dompurify,src/scenarios/dompurify-unused-import/DompurifyUnusedImport.jsx,,false,NONE,false,NONE,TN,true,,,,UNUSED_IMPORT,UNUSED_IMPORT,true,true,1,0,true,FP
20260824T202157298Z-2aa39a3a,robustness,robustness-multipackage,robustness-dompurify-overwritten-binding,dompurify,src/scenarios/dompurify-overwritten-binding/DompurifyOverwrittenBinding.jsx,DompurifyOverwrittenBinding,false,MEDIUM,true,HIGH,FP,false,,inner-html,,NO_PROVEN_SINK_PATH,PROPAGATED_SINK_FLOW,false,false,1,1,true,FP
20260824T202157298Z-2aa39a3a,robustness,robustness-multipackage,robustness-dompurify-property-separation,dompurify,src/scenarios/dompurify-property-separation/services/sanitizer.js,DompurifyPropertySeparation,false,MEDIUM,false,,TN,false,,,,NO_PROVEN_SINK_PATH,,false,false,0,0,true,FP
20260824T202157298Z-2aa39a3a,robustness,robustness-multipackage,robustness-serialize-direct-script-html,serialize-javascript,src/scenarios/serialize-direct-script-html/SerializeDirectScriptHtml.jsx,SerializeDirectScriptHtml,true,CRITICAL,true,CRITICAL,TP,true,inner-html,inner-html,true,DIRECT_SINK_FLOW,DIRECT_SINK_FLOW,true,true,1,1,true,TP
20260824T202157298Z-2aa39a3a,robustness,robustness-multipackage,robustness-serialize-local-insert-adjacent,serialize-javascript,src/scenarios/serialize-bootstrap-hook/serialization/serializeState.js,SerializeLocalInsertAdjacent,true,HIGH,false,,FN,false,insert-adjacent-html,,false,PROPAGATED_SINK_FLOW,,false,false,0,0,true,TP
20260824T202157298Z-2aa39a3a,robustness,robustness-multipackage,robustness-serialize-cross-file-helper,serialize-javascript,src/scenarios/serialize-app-shell/serialization/serializeState.js,SerializeHelperFunctionFlow,true,HIGH,false,,FN,false,inner-html,,false,PROPAGATED_SINK_FLOW,,false,false,0,0,true,TP
20260824T202157298Z-2aa39a3a,robustness,robustness-multipackage,robustness-serialize-component-without-sink,serialize-javascript,src/scenarios/serialize-component-without-sink/SerializeComponentWithoutSink.jsx,SerializeComponentWithoutSink,false,MEDIUM,false,MEDIUM,TN,true,,,,COMPONENT_WITHOUT_SINK,COMPONENT_WITHOUT_SINK,true,true,1,0,true,FP
20260824T202157298Z-2aa39a3a,robustness,robustness-multipackage,robustness-serialize-unrelated-sink,serialize-javascript,src/scenarios/serialize-unrelated-sink/SerializeUnrelatedSink.jsx,SerializeUnrelatedSink,false,MEDIUM,false,MEDIUM,TN,true,,,,NO_PROVEN_SINK_PATH,NO_PROVEN_SINK_PATH,true,true,1,0,true,FP
20260824T202157298Z-2aa39a3a,robustness,robustness-multipackage,robustness-serialize-dynamic-import-no-binding,serialize-javascript,src/scenarios/serialize-dynamic-import/SerializeDynamicImportNoBinding.jsx,,false,LOW,false,LOW,TN,true,,,,NO_BINDING,NO_BINDING,true,true,1,0,true,FP
